epoch,accuracy,loss,val_accuracy,val_loss
0,0.007303370628505945,0.7706969380378723,0.007203667424619198,0.7504214644432068
1,0.007303370628505945,0.7355268001556396,0.007203667424619198,0.721917986869812
2,0.008426966145634651,0.7118631601333618,0.06941715627908707,0.7026107907295227
