epoch,accuracy,loss,val_accuracy,val_loss
0,0.9817415475845337,0.30584609508514404,0.9875572919845581,0.26018908619880676
